job_id,is_valid_job
nFB7ISC3OFcsdxK7AAAAAA==,True
XdrEhkRRuZAndmnAAAAAAA==,True
vikyPvnmOOVrMK3UAAAAAA==,True
KOEcsjTne8KUqX0sAAAAAA==,True
0vkoqsWaaHsrLgRiAAAAAA==,True
g2BI_dwhDGqBZXgcAAAAAA==,True
18oCPxMqXOGheocuAAAAAA==,True
Gbav3WbCOvLIce_kAAAAAA==,True
j0D1iMNi9cjZUJ6cAAAAAA==,True
e3bHDqC3T7JHo0tUAAAAAA==,True
Ovm-G7mZRL8v1phBAAAAAA==,True
xR4raTaIOb_Gja9mAAAAAA==,True
hiPwBaWcFXanqlFtAAAAAA==,True
jWxFAP0iymu5r3AzAAAAAA==,True
M_MpaS5ifiBn0kjBAAAAAA==,True
2GNIxKQ51Ih345PyAAAAAA==,False
OLbn6rBegU2ASEx_AAAAAA==,True
bU7z1i-Xp3rNeGmeAAAAAA==,True
54AX23B3l6L8myBvAAAAAA==,True
ZLVc42U-lOpMGFNIAAAAAA==,False
7rVkGrihy04aQlXdAAAAAA==,True
FhX3tdkq7XTgImwEAAAAAA==,True
msyDjsdH77JYpdO3AAAAAA==,True
L5wOvziyLx6DO_acAAAAAA==,True
bmNB0Pq_1UeBMrgkAAAAAA==,True
-1hEf6Rm6gqcogwzAAAAAA==,True
Dj-wVQK6Iss0u5ovAAAAAA==,True
QN_ILKZJ_sCHUaNrAAAAAA==,True
0RyW4ivnA3vAdnu5AAAAAA==,True
Rt-lAc6aN-1QgYeeAAAAAA==,True
UUkFI02qhxFHE3faAAAAAA==,True
d2tLs81XH-GUTsjhAAAAAA==,True
IP3-YmuaqDpmJhu9AAAAAA==,True
BKMzSlD6Rlg6w4-UAAAAAA==,True
pz9qdlT5XuoksyxlAAAAAA==,True
gcu5TL4WgQ8LDCeMAAAAAA==,True
MoTsdRVI_VQZ46nNAAAAAA==,False
76N88hiAX0Vi-aMyAAAAAA==,True
_gZKL81fh2RZAVeSAAAAAA==,True
Jb1RDQ_HhaFRXyACAAAAAA==,True
8YiP-FtLhRFLwhfuAAAAAA==,True
2p_CYDqO1K29DnsSAAAAAA==,False
K24fatQuZpsBE5vTAAAAAA==,True
VfSdEFPB8XE0uiclAAAAAA==,True
u9HcyQcPlAli2Oy1AAAAAA==,True
WIxMPf-oM0kHz_ZkAAAAAA==,True
_n08oRCBfg_0HZYmAAAAAA==,True
FtYf8CMHxr7yuuEPAAAAAA==,True
rTGWz-jOqmLvvZ1EAAAAAA==,True
YqXeVDPZnyloL4yhAAAAAA==,True
cD4EfZ4utwJ23pWwAAAAAA==,True
vKkHH38qQ79zzWC2AAAAAA==,True
hY9Ds7YI15ZaREFdAAAAAA==,False
u17_iIJaFDOi1TxNAAAAAA==,True
ujHBqekAy1MAOLjvAAAAAA==,True
5uF80EeGMYCqCMh2AAAAAA==,True
KfyGieO3W0E2DuJeAAAAAA==,True
IkHCXIwwAbWdvnuvAAAAAA==,True
B20-wXs7f5F0FLLRAAAAAA==,True
GUK-1LrCOzXGi2q7AAAAAA==,True
PVL34lmAQd7hYR1QAAAAAA==,True
yI7QAjplPR6bzEDNAAAAAA==,True
yoVv58rWQmBHm6H6AAAAAA==,True
l0WHl7tPrmnuo4TaAAAAAA==,True
6cU9Z12IdFtIzkGiAAAAAA==,True
fT5VGjF4Q3RHr25lAAAAAA==,True
lREO_Gvf-mqPGqOtAAAAAA==,False
jP9DTA35CxtBFLhCAAAAAA==,True
jC4mf5O0NpszvA_FAAAAAA==,True
q6-tTQUn2Sr0Hg9vAAAAAA==,True
dLAcy4VGzii_2vfPAAAAAA==,True
vmRyubn28ldCTWSXAAAAAA==,True
3BV0mxleNgf3IRb0AAAAAA==,True
hjhpBIewfePGk7gFAAAAAA==,True
jnQ35lpZQpqxX-EJAAAAAA==,True
KoxF5LmD7llmq8RcAAAAAA==,True
qysGugpRKcn6GQU8AAAAAA==,True
xeT0sK51fE3pdAz4AAAAAA==,True
4WuacWaNPYl9yRqIAAAAAA==,True
XBzYIxr04OGMaO3bAAAAAA==,False
sddKJVxz0FQ33rHEAAAAAA==,True
sAtX1osX8LlDyT1_AAAAAA==,True
NHWgeUB0JB527teXAAAAAA==,True
-_klp8UWVhrJmWAwAAAAAA==,True
9-w0Jz3GtdfwWvO4AAAAAA==,True
YdYVExrltznEb7kIAAAAAA==,True
bOjFjfYsAwA58iRxAAAAAA==,True
W2DDfF5JErG6iCPKAAAAAA==,True
yUD93sAbedo_NTVWAAAAAA==,True
Z2Vx-hBADY9ZO7y6AAAAAA==,True
vELC56-lhnBwwds7AAAAAA==,True
F595o4pTxLpOHPEbAAAAAA==,True
JIwW_VAAwcd4PSYNAAAAAA==,True
FSq23doT5Q3_l8m3AAAAAA==,True
qpj3zaGyt6CCKKexAAAAAA==,True
rb-LZhza9xIgTYTaAAAAAA==,True
VzvO9O1Z2iE_TicQAAAAAA==,True
Luhjoi_lXJPh7xdSAAAAAA==,True
zJn4GywD96dEf-_xAAAAAA==,True
SWC1sPoUrYiHb9W8AAAAAA==,True
XmlF2hnsr8waRqdGAAAAAA==,True
DDlYUr7BgyKaoURDAAAAAA==,True
mM64TjTRCvQvPUz3AAAAAA==,False
3pUDR8Cr6LAiuPx6AAAAAA==,True
ThZVOMyrozHI7hKEAAAAAA==,True
Kivyrc7fiUv35ibSAAAAAA==,True
z1zA2HhCf8D6og4gAAAAAA==,True
VdFYXEyTnfhyWtOLAAAAAA==,False
7lTh6mDn6ETjNrFtAAAAAA==,True
NZfkLG0Jg-Da5b3wAAAAAA==,False
H9PUzNh9aNkfnKxvAAAAAA==,True
rr9tGrODdjuX6FdeAAAAAA==,True
ipKOsWNirrArF9ziAAAAAA==,True
_CsHNij4e3_2ocvEAAAAAA==,True
HUITRzw7krG6o6tIAAAAAA==,True
6rFMigrlJs0dAy89AAAAAA==,True
JOSWFIuClsstn5gSAAAAAA==,False
HWijnsTESQt6covJAAAAAA==,True
nY38LhTzSZJlXiKJAAAAAA==,True
GpF-f0pzvTLkJcBFAAAAAA==,True
9jT5m8Bkw1Y_0r9gAAAAAA==,True
Z0h5S9trofVXMJTUAAAAAA==,True
MRajmPeaHnLmvVeKAAAAAA==,True
qtg_xAHD7eRVhbCoAAAAAA==,True
8xLzY6gxrhSrqLmpAAAAAA==,True
UHRE_CDzNaBk8zTgAAAAAA==,True
FylOg5E7_94Psyu_AAAAAA==,True
D6Y9vrIo1mX-IXCqAAAAAA==,True
LJAy9IiIZGK-jIXJAAAAAA==,True
JbEvU8LZ6KUYqj1uAAAAAA==,True
EOB9dCKQUnNyaM61AAAAAA==,True
s5Fs7HUVGS5OvSfKAAAAAA==,True
0X-dVx1GOIhD9Oj1AAAAAA==,True
iqNcZ9-ZrCJwa25CAAAAAA==,True
IAfRu9R8YRzc6ycbAAAAAA==,True
CwULlYgvqe3eUcVtAAAAAA==,True
npE7ACWV6keCaLZQAAAAAA==,True
HD_Y3R_tuV5zgVAeAAAAAA==,True
Db5tG7QmN3FBIZ98AAAAAA==,True
h902T2VUZpEt8OGEAAAAAA==,True
dda2-nHv7bZhJWViAAAAAA==,True
BQFGF4-a8emlvysjAAAAAA==,True
wAr7PaXYId54vgswAAAAAA==,True
fC1QkJ4uJ6xxBy5dAAAAAA==,True
cNQzFnQ5KGZiafZLAAAAAA==,True
fZCgCsjP2DX7ZTUXAAAAAA==,True
TJmvQbs8fjvZtjc3AAAAAA==,True
uodVhdEIF9g9sV9JAAAAAA==,True
lNUvseFlY2wc0alQAAAAAA==,True
YLxEIPUAI7fhR_mYAAAAAA==,True
-XlZLA8_bDy1vpVpAAAAAA==,True
mQpi1jdqC_qPbVz-AAAAAA==,False
FlHGei9nG1MoCK2bAAAAAA==,True
tWRA07qJ9cETDxqgAAAAAA==,True
_5rM8LBIEtUYvKx8AAAAAA==,True
i0Qyb4YESwPo3TNeAAAAAA==,True
nb_X9MFGMA5UnNR0AAAAAA==,True
ON9FoPBRATzj3HmNAAAAAA==,True
fqFG2JFX5aevR7w_AAAAAA==,True
_Lvr-60CKa0fuda6AAAAAA==,True
d96-yMLRAA3mGfySAAAAAA==,True
56LS-3FzhsqSA6rWAAAAAA==,True
27OjGwBBtqXGdv6PAAAAAA==,True
cr3DQwZIyk28A0G7AAAAAA==,True
Xg80OBTFD7IoJL0sAAAAAA==,True
j9BM52GxZAd3Ib5jAAAAAA==,True
N-Sh8FpaBR1RMO4lAAAAAA==,True
4Pz9OfKNaMqqstSAAAAAAA==,True
FG8ZsaZcqiRRb7AZAAAAAA==,True
WrkVYutY_Bn1TmQrAAAAAA==,True
qvzZMIg_4APWJ89BAAAAAA==,True
EcS_-mF0XtNHRfx0AAAAAA==,True
B_2B0qIwNl6JcClEAAAAAA==,True
LSw3Xmtkv-uhV02OAAAAAA==,True
1JXbwdk4P2mIYU2kAAAAAA==,True
qt8_DrqpgWG4SnphAAAAAA==,True
X6v2WbpOkslKZsjCAAAAAA==,True
_QeDs0JMADGJt1J9AAAAAA==,True
v3gSeLJdguHyvKpoAAAAAA==,True
xFjqQDYVd1oYxSEjAAAAAA==,True
uXHo1IJOM4IwE46KAAAAAA==,True
PB6jkB5FPMUGC660AAAAAA==,True
EtmlA8aarewd1UubAAAAAA==,True
8LeYF2XmL_c0lKQeAAAAAA==,True
bbUxVNWuJFKrOXU-AAAAAA==,True
W7z9qXFh2jQjilApAAAAAA==,True
y9FYKoONTLbfhN-DAAAAAA==,True
VPzUecK83U6OIqSGAAAAAA==,False
AewwRofIWcwySa44AAAAAA==,True
FtbFbUPhXlyFkXaXAAAAAA==,True
iYDM8RABtSBWYFzLAAAAAA==,True
9rv1R7t03lIBqnisAAAAAA==,True
6fGpmHTcSlpADv6KAAAAAA==,True
jlx4B7G84QjAVJjjAAAAAA==,True
GLzGWz9HNOjBml78AAAAAA==,True
3tuYGjYGj111rYs3AAAAAA==,True
zQbX8Kunk1O0HLj_AAAAAA==,True
gnaaq_1XFeoRQdOoAAAAAA==,True
vfZjZiS8ZdRbtRuKAAAAAA==,True
8Upetwi2ajJ92iZ0AAAAAA==,True
Kja4P_O8wJbP0NWVAAAAAA==,True
qB4HAz9l6SsBV-KYAAAAAA==,True
otZsAj2XLUruWbW4AAAAAA==,True
Ehv1fZjmJt__2icEAAAAAA==,True
bP4L-99QPwarZkutAAAAAA==,True
OyvMi6BztJoRyLuVAAAAAA==,True
R2QB7JrLkZh-8nJ3AAAAAA==,True
Y7KH4dh7O3uUnfIeAAAAAA==,True
nvd4TKHvearttw2aAAAAAA==,True
g8X_IFaPzLpUL6I6AAAAAA==,True
bEuejHaG2OpO7IW5AAAAAA==,True
94GX-3cOtn2mqtkfAAAAAA==,True
3L7SmRsLsP-eMQApAAAAAA==,True
4JMZcXuU2wbJEZJJAAAAAA==,True
Q5yyelc-6pcT_Az8AAAAAA==,True
XW0IRUn7bngH8eOnAAAAAA==,True
lmVpVHR6235f71D8AAAAAA==,True
2X2i3m-VlA5XoRFuAAAAAA==,True
TlSdO-H7sbBty-NgAAAAAA==,True
bwefpvyZgb9Xr6OzAAAAAA==,True
M_ZRUaefrohfGkDxAAAAAA==,True
WvC-xZO3_loct8pSAAAAAA==,True
CBAdXkHc6Pv_MTV_AAAAAA==,True
-NpPrxS4_eufwQxnAAAAAA==,True
GZLlvlCrp8E8rvQKAAAAAA==,True
mJTOv-IE2zQAxuBZAAAAAA==,True
AN7jrONXj9RSGt1JAAAAAA==,True
iDjdplG40ufZFVE9AAAAAA==,True
KRaSg822gWoBsIzeAAAAAA==,True
2gTZt9EtBBLTOfd6AAAAAA==,True
JVN5an6JjGzZrIZoAAAAAA==,True
Ql269g0qeg8rzPDQAAAAAA==,True
9URUKTsZ6I8sQh_wAAAAAA==,True
0abUPN9AxuM80uqSAAAAAA==,True
GswHAqACfpS8GXwSAAAAAA==,True
0taZ7SRDFhgbfrKTAAAAAA==,True
4xzCSCAbsA-A_pxzAAAAAA==,True
BBYOQrTo6n_mgd3XAAAAAA==,True
T-qb2uw_Nq1QFMu1AAAAAA==,True
MH0O1Q6IiBqdB79WAAAAAA==,True
Md1AP1lvzyB3sM65AAAAAA==,True
6ykd2WNVjOHLQ40DAAAAAA==,True
VZCsO5p6akLRIVwMAAAAAA==,True
8tPDaK1LJ_F71gsvAAAAAA==,True
uFzkLiUklwC3z9PoAAAAAA==,True
Ki-vKUxWDKEekexeAAAAAA==,True
K-7fcf6yuWkAsvXfAAAAAA==,True
ZnzoTWtgb1YvbDueAAAAAA==,True
8KqSNGiTErw9w2nBAAAAAA==,True
t4yVfsMzzUfK4VS3AAAAAA==,True
5Hm8PKlFOHNT-sUnAAAAAA==,False
kMUAZ8sBtdhk9a-cAAAAAA==,True
KowIDlQ5DAMy2r0SAAAAAA==,True
JsXfvWL8uZiXqvP5AAAAAA==,True
cREQcTyFGDviP22PAAAAAA==,False
X_SgGUG8WLfcAwggAAAAAA==,True
q-70EhlU6v2jLM4bAAAAAA==,True
36sWFGTvdmvx5R7lAAAAAA==,True
iipKSv4Wf8c_UHL9AAAAAA==,True
_g6t-UajKOyaY_UJAAAAAA==,True
XJ5j5Ty72RZwbOp-AAAAAA==,True
boY52InL9yYDLpEOAAAAAA==,True
81jBdaow2sVgD3jwAAAAAA==,True
dNME9zPUDS8QGAp3AAAAAA==,True
Vi8rKqszbChnjSNrAAAAAA==,True
nlyQipkD4AMrHSOaAAAAAA==,True
4M_WMfOdeE3FBSQaAAAAAA==,True
URwTuFHHXHOExfnrAAAAAA==,True
lOCgHizrc8Tp_KfIAAAAAA==,False
YgWt9pI83ZqHguR3AAAAAA==,True
I0EBmZc4z5e7wiLPAAAAAA==,True
e1YXftmzhcWxYPZAAAAAAA==,True
p047tmTGAAKrsnDzAAAAAA==,True
ZS6TsMNJHJz7BRKwAAAAAA==,True
vBplUZdVBH3ZtfsSAAAAAA==,True
gz3I4Cz8D4Gz6yTtAAAAAA==,True
6NV_1aLYhYL-zyNRAAAAAA==,True
Y2EnjmLLHhIxktFWAAAAAA==,True
uDm6xPwvq22iQBueAAAAAA==,True
Ph1NAgFmz4qnW5v0AAAAAA==,True
Ws41jgUNn9uFXim5AAAAAA==,True
WforHCgGe6I1LGvvAAAAAA==,True
HHZH0mYYs6nJHLBrAAAAAA==,True
wK-RaE65kRZyZKBrAAAAAA==,True
3NVf2GeHN199af05AAAAAA==,True
j6OnCVQhiKTpop8TAAAAAA==,True
2M3Q5hJ8jDS_BFwMAAAAAA==,True
adtj_7QRa5DaMfKcAAAAAA==,True
D4HPJ8yoWAUX3-1AAAAAAA==,True
J2E6bP-FHYgAVybHAAAAAA==,True
Se3xX3nIzCVGQVCxAAAAAA==,True
82c7Q47tRU65uhP7AAAAAA==,True
tpeZ1K8W5U18X7saAAAAAA==,False
QRaerQP-yQ4HsNzyAAAAAA==,True
DUfnR_OQQwQvdtj_AAAAAA==,True
v14PJcF50YHncd3BAAAAAA==,True
fRysXtQWXytn9LlHAAAAAA==,False
KGwdgfxpOFbJ4d2aAAAAAA==,True
OKOzvEm3BJJAS-RpAAAAAA==,True
zR9q3DsgnW1GJNv7AAAAAA==,True
2jQUGnt__tj0nxC2AAAAAA==,True
ny-9dTFQI_8p29_YAAAAAA==,True
MY7BQj-ZMRRZ-_o6AAAAAA==,True
HGiZwhznwxKGCuoLAAAAAA==,True
SGkqMM25VxWMZYIlAAAAAA==,True
0xpyTuMSpUirqR2vAAAAAA==,True
H_0d6MgIKt-jSxCtAAAAAA==,True
XBuBBdrd6I1FWh3EAAAAAA==,True
dzZVz-TjVghNE55KAAAAAA==,True
Qu0mEm0SXfGskamgAAAAAA==,True
oZYCoKZJuovlcPk8AAAAAA==,True
ZtzBT9B1LQq8HckrAAAAAA==,True
DHEqVg1KpOlHVDgLAAAAAA==,True
_6FHbm4E5CPyDyMJAAAAAA==,False
zKKin4SP6joHQ8cuAAAAAA==,True
8ZeIbLlifPuIpR6sAAAAAA==,False
WBpigE1EQGpRhE3aAAAAAA==,True
XrGXmWQT_mRCZOTmAAAAAA==,True
RFznnWszOvS3d7z7AAAAAA==,True
9NDG4fJBUaNoAxDoAAAAAA==,False
TJy5OnpWfXBgyiJWAAAAAA==,True
7sn8sBGbUiK7rVLwAAAAAA==,True
hqBDLRuo4rlY4DXHAAAAAA==,True
phqd2bATrSnCJjrHAAAAAA==,True
aIf525Bn8ViIxXsSAAAAAA==,True
pMuqDWepe6FzERL2AAAAAA==,True
yoPki0mc0ZKhQjdQAAAAAA==,True
9ZfVslBUqr53kvS6AAAAAA==,True
zQ9-rN43aeJNuHiIAAAAAA==,True
Da7J1WaGX3sj9qDgAAAAAA==,False
cmKgYTV8VSvb052yAAAAAA==,True
sAxzYOVGt9V0xvF9AAAAAA==,False
yc4y5bmxG1zHCC8fAAAAAA==,True
FLrA7FAa0FoXbqFaAAAAAA==,True
NUZLYaLrF9ZTpUygAAAAAA==,True
zrG9xsRw8Feq-thIAAAAAA==,False
_RSyd7-vmOinX-TgAAAAAA==,True
RJMAzVpuaAdM1qcVAAAAAA==,True
0vCgYbJlilJjeSuIAAAAAA==,True
jEzrv_10Ou-QJBYaAAAAAA==,True
W-poE1bKK2KGnW48AAAAAA==,True
3vfOErC4TqhPs8CnAAAAAA==,True
TD41iLrpCk_xL4BOAAAAAA==,True
CFCiDRKk1ZL6XOfbAAAAAA==,False
d2U_5v716K_r4I5AAAAAAA==,True
H0I1lCNDyz3fz5iFAAAAAA==,True
QBRYVs0WAtDhm7rAAAAAAA==,False
jWLfCiK47FmY1HOVAAAAAA==,True
kE8oPxNiUE-RX-IvAAAAAA==,True
hJeVOiPwVMxk7jSZAAAAAA==,True
vf1g4kXS6JowF5X8AAAAAA==,False
CUnGbokAezvJeakTAAAAAA==,True
lVstnHrIi1w40Nb-AAAAAA==,False
h3gffiseL3cHej7oAAAAAA==,True
VDurN2eyRv7WzJG2AAAAAA==,False
6ORuhMAMyhhWFGJ3AAAAAA==,True
WpAHQdHE1-8aYJgAAAAAAA==,True
M0w2cQAtRxfPuuXsAAAAAA==,True
sfm1iZKL7DgOl0eoAAAAAA==,True
fmvkHmSbbWlPSRxiAAAAAA==,False
GhDl-jKIqt_ZEoiUAAAAAA==,False
q_9ag-oDqGFEDnYmAAAAAA==,False
a0_LjSMjfaSC-SvWAAAAAA==,False
XZbRG7Xze6RMrMfPAAAAAA==,False
0RPj7-j0a7dKpU6NAAAAAA==,True
X_ayPIoPy9Kzho7-AAAAAA==,True
_rU6sFGYh2fmCHkCAAAAAA==,True
t0BTf0IG5_6cNstRAAAAAA==,False
c65hTLkZsP0-LLNjAAAAAA==,True
ZDb9DQ2dBOAn6CYzAAAAAA==,True
